Rk,Player,Age,PA,Rbat,Rbaser,Rdp,Rfield,Rpos,RAA,WAA,Rrep,RAR,WAR,waaWL%,162WL%,oWAR,dWAR,oRAR,Pos,Awards,Player-additional
1,Andy Pages,25,574,16,1,0,20,4,41,4.2,19,60,6.0,.531,.526,4.0,2.5,40,*8/DH,AS,pagesan01
2,Max Muncy*,35,561,17,0,0,2,4,22,2.2,19,42,4.1,.515,.514,3.9,0.5,40,*5H/D,AS,muncyma01
3,Mookie Betts,33,528,9,0,-2,8,7,22,2.3,18,40,3.9,.519,.514,3.2,1.6,32,*6,,bettsmo01
4,Shohei Ohtani*,31,618,28,0,0,0,-11,16,1.6,19,36,3.2,.512,.510,3.3,-1.2,36,*D1/H,AS,ohtansh01
5,Freddie Freeman*,36,657,14,0,-2,2,-7,7,0.7,22,29,2.7,.505,.504,2.6,-0.6,27,*3/D,AS,freemfr01
6,Will Smith,31,276,4,0,0,-1,4,8,0.8,9,17,1.7,.511,.505,1.8,0.3,18,2H/D,,smithwi05
7,Tommy Edman#,31,331,4,0,1,-1,2,5,0.5,11,17,1.6,.507,.503,1.7,0.1,18,487/H56D,,edmanto01
8,Dalton Rushing*,25,253,5,1,0,-4,3,5,0.5,9,14,1.3,.507,.503,1.8,-0.1,18,2H/3D,,rushida01
9,Alex Freeland#,24,269,-6,1,-1,5,3,2,0.2,9,11,1.1,.502,.501,0.6,0.8,6,4H/65,,freelal01
10,Teoscar Hernández,33,491,4,0,-1,-5,-4,-6,-0.6,17,11,1.0,.495,.496,1.5,-1.0,16,*7/9DH,,hernate01
11,Miguel Rojas,37,252,-3,0,0,1,3,1,0.0,9,9,0.8,.501,.500,0.7,0.4,8,4H6/513D,,rojasmi02
12,Kyle Tucker*,29,627,-1,0,3,-9,-4,-12,-1.3,21,9,0.7,.492,.492,1.7,-1.4,18,*9/H,,tuckeky01
13,Hyeseong Kim*,27,131,-4,1,0,1,2,1,0.1,4,5,0.5,.502,.501,0.4,0.3,4,64/7H,,kimhy02
14,Josue De Paula*,21,42,5,-1,0,0,-1,3,0.3,1,5,0.5,.529,.502,0.5,-0.1,5,/D7H,,depaujo03
15,Alex Call,31,195,-2,0,0,0,-3,-4,-0.4,7,3,0.2,.495,.497,0.2,-0.3,3,7H98/D,,callal02
16,Ryan Ward*,28,60,0,0,0,1,-1,0,0.0,2,2,0.2,.500,.500,0.1,0.0,1,7/3DH,,wardry01
17,Edgardo Henriquez,24,0,0,0,0,0,0,0,0.0,0,0,0.0,.500,.500,0.0,0.0,0,1,,henried01
18,Santiago Espinal,31,60,-2,0,-1,1,0,-1,-0.2,2,1,0.0,.496,.499,-0.1,0.1,0,54H/3D,,espinsa01
19,Jack Dreyer,27,0,0,0,0,0,0,0,0.0,0,0,0.0,.500,.500,0.0,0.0,0,1,,dreyeja01
20,Alex Vesia*,30,0,0,0,0,0,0,0,0.0,0,0,0.0,.500,.500,0.0,0.0,0,1,,vesiaal01
21,Kiké Hernández,34,96,-3,-1,0,0,0,-4,-0.4,3,-1,-0.1,.490,.497,-0.1,-0.1,-1,53/87H41,,hernaen02
22,Hunter Feduccia*,29,91,-3,-1,0,-1,2,-3,-0.3,3,0,-0.1,.490,.498,0.1,0.1,1,2/H3,,feduchu01
23,Ben Rortvedt*,28,28,-4,0,0,1,1,-2,-0.2,1,-1,-0.1,.487,.499,-0.2,0.2,-2,2/DH,,rortvbe01
24,Alek Thomas*,26,20,-1,0,0,0,0,-1,-0.1,1,0,-0.1,.485,.499,-0.1,0.0,0,/8H,,thomaal01
25,Eliezer Alfonzo#,26,28,-3,0,1,-1,1,-3,-0.3,1,-2,-0.2,.475,.498,-0.1,-0.1,-1,2/DH,,alfonel02
26,Chuckie Robinson,31,26,-5,0,0,0,0,-5,-0.5,1,-4,-0.4,.439,.497,-0.4,0.0,-4,/2DH,,robinch04
,Team Totals,,6214,69,3,-4,20,4,92,8.9,210,302,28.5,.505,.505,27.0,2.0,282,,,-9999