Rk,Player,Age,IP,G,GS,R,RA9,RA9opp,RA9def,RA9role,RA9extras,PPFp,RA9avg,RAA,WAA,gmLI,WAAadj,WAR,RAR,waaWL%,162WL%,Awards,Player-additional
1,Yoshinobu Yamamoto,27,185.0,28,28,55,2.68,4.67,0.29,0.22,0.00,99,4.56,39,4.4,,-0.2,5.9,56,.655,.527,AS,yamamyo01
2,Shohei Ohtani,31,85.2,14,14,21,2.21,4.54,0.28,0.22,0.00,100,4.50,22,2.5,,-0.1,3.2,30,.677,.515,AS,ohtansh01
3,Justin Wrobleski*,25,140.0,28,22,59,3.79,4.51,0.34,0.17,0.00,102,4.44,10,1.1,0.88,-0.1,2.2,23,.537,.506,AS,wroblju01
4,Tarik Skubal*,29,62.0,10,10,19,2.76,4.69,0.29,0.22,0.00,99,4.58,13,1.4,,-0.1,1.9,18,.640,.509,,skubata01
5,Tanner Scott*,31,63.2,69,0,20,2.83,4.63,0.27,-0.30,0.09,101,4.18,10,1.0,1.83,0.3,1.9,16,.514,.506,,scottta01
6,Tyler Glasnow,32,74.0,13,13,29,3.53,4.75,0.25,0.23,0.00,102,4.81,11,1.1,,-0.1,1.8,18,.588,.507,,glasnty01
7,Blake Snell*,33,42.2,9,9,10,2.11,4.52,0.27,0.21,0.00,103,4.59,12,1.3,,0.0,1.7,16,.647,.508,,snellbl01
8,Alex Vesia*,30,58.0,72,0,18,2.79,4.59,0.25,-0.30,0.00,101,4.09,8,0.9,1.41,0.1,1.5,14,.512,.505,,vesiaal01
9,Jack Dreyer*,27,64.2,67,3,23,3.20,4.61,0.28,-0.28,0.09,102,4.20,7,0.7,1.13,-0.1,1.3,13,.511,.505,,dreyeja01
10,Emmet Sheehan,26,112.1,23,22,58,4.65,4.66,0.30,0.22,0.00,101,4.61,0,-0.1,0.82,-0.1,0.9,10,.497,.500,,sheehem01
11,Roki Sasaki,24,122.1,26,23,63,4.63,4.61,0.32,0.21,0.00,101,4.56,-1,-0.1,1.18,-0.1,0.9,11,.495,.499,,sasakro01
12,Edgardo Henriquez,24,60.0,61,1,25,3.75,4.61,0.26,-0.29,0.19,101,4.28,4,0.4,1.01,-0.1,0.8,9,.506,.502,,henried01
13,Brock Stewart,34,26.2,28,1,10,3.38,4.64,0.29,-0.28,0.21,101,4.31,3,0.3,1.42,0.0,0.5,5,.510,.502,,stewabr01
14,Eric Lauer*,31,72.0,14,12,37,4.63,4.27,0.36,0.19,0.00,105,4.32,-2,-0.3,0.89,-0.1,0.4,4,.481,.498,,lauerer01
15,Blake Treinen,38,29.2,36,0,12,3.64,4.64,0.32,-0.30,0.00,101,4.05,1,0.1,1.07,-0.1,0.4,4,.504,.501,,treinbl01
16,Evan Phillips,31,26.0,31,0,11,3.81,4.59,0.28,-0.30,0.43,102,4.51,2,0.2,1.27,0.0,0.4,4,.507,.501,,phillev01
17,Kris Bubic*,28,4.2,5,0,0,0.00,4.74,0.31,-0.31,0.00,97,4.01,2,0.2,0.93,0.0,0.3,3,.544,.501,,bubickr01
18,Paul Gervase,26,7.2,4,0,2,2.35,4.89,0.31,-0.32,0.00,100,4.24,2,0.2,0.13,-0.1,0.2,2,.543,.501,,gervapa01
19,Kyle Hurt,28,45.2,44,1,23,4.53,4.64,0.28,-0.28,0.00,101,4.10,-2,-0.2,0.81,-0.1,0.1,2,.495,.499,,hurtky01
20,Jake Eder*,27,4.0,4,0,1,2.25,4.69,0.37,-0.30,0.00,108,4.35,1,0.1,0.10,-0.1,0.1,1,.524,.501,,ederja01
21,Landon Knack,28,11.2,4,0,5,3.86,4.41,0.37,-0.29,0.00,102,3.81,0,0.0,0.41,0.0,0.1,1,.498,.500,,knackla01
22,Bobby Miller,27,7.1,3,0,3,3.68,4.76,0.28,-0.31,0.00,97,4.03,0,0.0,1.23,0.0,0.1,1,.509,.500,,millebo06
23,Kiké Hernández,34,1.0,1,0,0,0.00,5.06,0.43,-0.33,0.00,100,4.29,0,0.1,0.00,0.0,0.0,1,.551,.500,,hernaen02
24,Chayce McDermott,27,2.1,2,0,2,7.71,4.52,0.42,-0.29,0.00,98,3.71,-1,-0.1,0.01,0.1,0.0,-1,.448,.499,,mcderch01
25,Will Klein,26,41.2,36,3,22,4.75,4.53,0.31,-0.26,0.00,102,4.03,-3,-0.4,1.27,-0.1,-0.1,1,.490,.498,,kleinwi01
26,Charlie Barnes*,30,10.0,4,0,7,6.30,4.10,0.41,0.06,0.00,109,4.06,-2,-0.3,0.25,0.0,-0.1,-2,.438,.498,,barnech01
27,Jonathan Hernández,29,25.1,16,0,16,5.68,4.71,0.33,-0.31,0.00,100,4.08,-5,-0.5,0.22,0.1,-0.1,-2,.471,.497,,hernajo02
28,Wyatt Mills,31,6.1,6,0,5,7.11,4.46,0.36,-0.29,0.00,100,3.80,-2,-0.2,0.27,0.1,-0.1,-2,.461,.499,,millswy01
29,Miguel Rojas,37,4.0,4,0,6,13.50,4.09,0.59,-0.27,0.00,102,3.30,-5,-0.4,0.00,0.2,-0.2,-4,.393,.497,,rojasmi02
30,Ben Casparius,27,4.2,5,0,5,9.64,4.69,0.36,-0.30,0.00,104,4.19,-3,-0.3,0.76,0.0,-0.2,-2,.444,.498,,caspabe01
31,Seth Halvorsen,26,10.0,11,0,9,8.10,4.64,0.39,-0.30,0.56,99,4.47,-4,-0.4,0.73,0.0,-0.3,-3,.463,.497,,halvose01
32,Cole Irvin*,32,6.0,1,0,6,9.00,4.45,0.40,-0.29,0.00,100,3.76,-3,-0.3,2.37,-0.2,-0.4,-3,.235,.498,,irvinco01
33,Edwin Díaz,32,18.2,21,0,18,8.68,4.81,0.32,-0.31,0.00,105,4.37,-9,-0.9,1.25,-0.2,-0.9,-7,.457,.494,,diazed04
,Team Totals,,1435.2,162,162,600,3.76,4.60,0.30,0.02,0.03,101,4.40,102,11.5,1.16,-1.0,24.1,238,.516,.503,,-9999